,Mean,Std Dev,95% CI Lower,95% CI Upper,Count
0,3.9310344827586206,0.3713906763541038,3.795862068965517,4.066206896551724,29
